<?xml version="1.0" encoding="UTF-8"?>
    <addon id="plugin.video.OldQueenTv" name="OldQueenTv" version="0.0.1" provider-name="DaQueenQueen Y JaviR">
        <requires>
            <import addon="xbmc.addon" version="12.0.0"/>
        </requires>
        <extension point="xbmc.addon.repository" name="OldQueenTv">
            <info compressed="false">{url}{output_path}addons.xml</info>
            <checksum>{url}{output_path}addons.xml.md5</checksum>
            <datadir zip="true">{url}{output_path}</datadir>
            <hashes>false</hashes>
        </extension>
        <extension point="xbmc.addon.metadata">
            <summary>Repositorio addon</summary>
            <description>Todoso los enlaces,canales y demas contenido de el addon es sacado de webs , nosotros no alojamos ningun contenido.</description>
            <platform>all</platform>
    </extension>
</addon>